Address,Title_link,SaleDate,Thumbnail,SalePrice,Sqft,Street,CityStateZip,Zip,Baths,Beds,Sqft2,LotSize,PriceHistory
"18 Keller Rd, Newark, DE",https://www.zillow.com/homedetails/18-Keller-Rd-Newark-DE-19713/72897831_zpid/,06/10/2019,"https://maps.googleapis.com/maps/api/streetview?location=39.659477,-75.734532&size=600x328&key=AIzaSyBot9JtFX4Hqs-Ri6N3A8K1Rl5XZD3ssyI&signature=XaHCJHcTwY1rUsaA8VyeJt9Ejqk=","$180,000","1,150",18 Keller Rd,"Newark, DE 19713",19713,1,3,"1,150","8,276","6/10/2019Sold$180,000--Eddie BarksdaleReport issue with price history"
"7 Withams Rd, Newark, DE",https://www.zillow.com/homedetails/7-Withams-Rd-Newark-DE-19711/73034531_zpid/,06/07/2019,"https://maps.googleapis.com/maps/api/streetview?location=39.688610,-75.721391&size=600x328&key=AIzaSyBot9JtFX4Hqs-Ri6N3A8K1Rl5XZD3ssyI&signature=8liq8kvXAJNDveM8Su0FAH4h3ts=","$274,900","1,550",7 Withams Rd,"Newark, DE 19711",19711,2.5,3,"1,550","7,840","6/7/2019Sold$274,900--Angela Allen3/22/2019Listing removed$274,900--3/14/2019Listed for sale$274,900+5.4%10/25/2005Sold$260,900--Report issue with price history"
"72 Martindale Dr, Newark, DE",https://www.zillow.com/homedetails/72-Martindale-Dr-Newark-DE-19713/72882710_zpid/,06/04/2019,"https://maps.googleapis.com/maps/api/streetview?location=39.670381,-75.724605&size=600x328&key=AIzaSyBot9JtFX4Hqs-Ri6N3A8K1Rl5XZD3ssyI&signature=4nQwMKvsPMaYSpb71P5E5pepjLw=","$176,900","1,125",72 Martindale Dr,"Newark, DE 19713",19713,1,3,"1,125","6,969","6/4/2019Sold$176,900-1.7%Pamela Cox5/25/2019Listing removed$179,900--4/23/2019Pending sale$179,900--3/5/2019Listed for sale$179,900--Report issue with price history"
"45 Arizona State Dr, Newark, DE",https://www.zillow.com/homedetails/45-Arizona-State-Dr-Newark-DE-19713/72899993_zpid/,06/03/2019,https://photos.zillowstatic.com/p_e/ISukr3ny5peg340000000000.jpg,"$415,000","3,125",45 Arizona State Dr,"Newark, DE 19713",19713,3,4,"3,125",,"6/3/2019Sold$415,000-1.4%Angela Allen6/3/2019Listing removed$421,000--3/21/2019Listed for sale$421,000--Report issue with price history"
"1008 White Birch Dr, Newark, DE",https://www.zillow.com/homedetails/1008-White-Birch-Dr-Newark-DE-19713/72900173_zpid/,06/03/2019,https://photos.zillowstatic.com/p_e/ISaxbsmr3eol8r1000000000.jpg,"$412,000","2,913",1008 White Birch Dr,"Newark, DE 19713",19713,2,3,"2,913",,"6/3/2019Sold$412,000-1.9%Deanna Murphy4/9/2019Pending sale$420,000--3/23/2019Listed for sale$420,000--Report issue with price history"
"48 Matthews Rd, Newark, DE",https://www.zillow.com/homedetails/48-Matthews-Rd-Newark-DE-19713/73038365_zpid/,05/31/2019,"https://maps.googleapis.com/maps/api/streetview?location=39.673391,-75.718651&size=600x328&key=AIzaSyBot9JtFX4Hqs-Ri6N3A8K1Rl5XZD3ssyI&signature=OQ7zXlVaBdgd646J4ed6QGl-3gE=","$245,000","1,434",48 Matthews Rd,"Newark, DE 19713",19713,1.5,3,"1,434","8,276","5/31/2019Sold$245,000+0%Andrea Harrington4/30/2019Listing removed$244,900--4/29/2019Listed for sale$244,900+84.1%6/5/2018Sold$133,000+0.2%4/11/2018Listing removed$132,697-46.1%3/27/2018Listed for sale----1/10/2007Sold$246,000--Report issue with price history"
"947 Rahway Dr, Newark, DE",https://www.zillow.com/homedetails/947-Rahway-Dr-Newark-DE-19711/72931354_zpid/,05/31/2019,"data:image/gif;base64,R0lGODlhAQABAIAAAAAAAP///yH5BAEAAAAALAAAAAABAAEAAAIBRAA7","$308,897","3,000",947 Rahway Dr,"Newark, DE 19711",19711,2.5,4,"3,000","9,147","5/31/2019Sold$308,897+3%Laura Diaz Desi Rivera4/29/2019Listing removed$299,900--4/4/2019Price change$299,900-4.8%3/15/2019Listed for sale$314,900--Report issue with price history"
"18 Donaldson Dr, Newark, DE",https://www.zillow.com/homedetails/18-Donaldson-Dr-Newark-DE-19713/73036319_zpid/,05/31/2019,"data:image/gif;base64,R0lGODlhAQABAIAAAAAAAP///yH5BAEAAAAALAAAAAABAAEAAAIBRAA7","$225,000","1,920",18 Donaldson Dr,"Newark, DE 19713",19713,3,3,"1,920","7,840","5/31/2019Sold$225,000-2.1%Pamela Cox4/29/2019Pending sale$229,900--4/8/2019Listed for sale$229,900+109.2%3/29/1996Sold$109,900--Report issue with price history"
"143 Cypress Dr, Newark, DE",https://www.zillow.com/homedetails/143-Cypress-Dr-Newark-DE-19713/73039099_zpid/,05/31/2019,"data:image/gif;base64,R0lGODlhAQABAIAAAAAAAP///yH5BAEAAAAALAAAAAABAAEAAAIBRAA7","$189,900","1,400",143 Cypress Dr,"Newark, DE 19713",19713,2,2,"1,400","2,178","5/31/2019Sold$189,900--Richard Zernell4/25/2019Pending sale$189,900--4/12/2019Price change$189,900-2.6%3/19/2019Price change$195,000-2.5%3/4/2019Listed for sale$199,900+17.6%2/27/2015Sold$170,000-4.2%1/2/2015Listing removed$177,500--10/30/2014Price change$177,500+45.9%2/11/2000Sold$121,640--Report issue with price history"
"314 Chickory Way, Newark, DE",https://www.zillow.com/homedetails/314-Chickory-Way-Newark-DE-19711/72932145_zpid/,05/30/2019,"data:image/gif;base64,R0lGODlhAQABAIAAAAAAAP///yH5BAEAAAAALAAAAAABAAEAAAIBRAA7","$243,000",--,314 Chickory Way,"Newark, DE 19711",19711,3,3,,,"5/30/2019Sold$243,000+1.3%Travis Dorman, Kathy Melcher5/8/2019Pending sale$239,900--4/26/2019Listed for sale$239,900+38.7%5/4/2004Sold$173,010+21.8%11/6/2002Sold$142,000--Report issue with price history"
"122 Brookside Blvd, Newark, DE",https://www.zillow.com/homedetails/122-Brookside-Blvd-Newark-DE-19713/72885099_zpid/,05/30/2019,"data:image/gif;base64,R0lGODlhAQABAIAAAAAAAP///yH5BAEAAAAALAAAAAABAAEAAAIBRAA7","$238,000","2,360",122 Brookside Blvd,"Newark, DE 19713",19713,2,4,"2,360","9,147","5/30/2019Sold$238,000--Craig Blango, Chad Mitchell5/2/2019Pending sale$238,000+1.3%4/24/2019Price change$234,900-2.1%4/4/2019Pending sale$240,000+2.2%4/3/2019Listed for sale$234,900+109.7%4/13/2018Sold$112,000+12%2/15/2018Pending sale$100,000--12/16/2017Pending sale$100,000--12/16/2017Back on market$100,000--12/9/2017Pending sale$100,000--12/2/2017Listed for sale$100,000--Report issue with price history"
"72 Ethan Allen Ct, Newark, DE",https://www.zillow.com/homedetails/72-Ethan-Allen-Ct-Newark-DE-19711/72932512_zpid/,days ago,"data:image/gif;base64,R0lGODlhAQABAIAAAAAAAP///yH5BAEAAAAALAAAAAABAAEAAAIBRAA7","$161,000","1,225",,,,,,,,
"5 Swallow Cir, Newark, DE",https://www.zillow.com/homedetails/5-Swallow-Cir-Newark-DE-19711/72929983_zpid/,05/30/2019,"data:image/gif;base64,R0lGODlhAQABAIAAAAAAAP///yH5BAEAAAAALAAAAAABAAEAAAIBRAA7","$230,000","1,822",5 Swallow Cir,"Newark, DE 19711",19711,2,3,"1,822",,"5/30/2019Sold$230,000-6.1%Joyce Chambers4/23/2019Pending sale$245,000--4/11/2019Price change$245,000-3.9%3/22/2019Price change$255,000-3.7%3/7/2019Listed for sale$264,900--Report issue with price history"
"131 W Mill Station Dr, Newark, DE",https://www.zillow.com/homedetails/131-W-Mill-Station-Dr-Newark-DE-19711/72935945_zpid/,05/30/2019,"data:image/gif;base64,R0lGODlhAQABAIAAAAAAAP///yH5BAEAAAAALAAAAAABAAEAAAIBRAA7","$365,000","2,575",131 W Mill Station Dr,"Newark, DE 19711",19711,3,4,"2,575",,"5/30/2019Sold$365,000--Stephen Cleary4/15/2019Listing removed$365,000--4/11/2019Listed for sale$365,000+125.6%5/1/1988Sold$161,800--Report issue with price history"
"113 E Main St UNIT 320, Newark, DE",https://www.zillow.com/homedetails/113-E-Main-St-UNIT-320-Newark-DE-19711/102676521_zpid/,05/29/2019,"data:image/gif;base64,R0lGODlhAQABAIAAAAAAAP///yH5BAEAAAAALAAAAAABAAEAAAIBRAA7","$424,900","1,527",113 E Main St UNIT 320,"Newark, DE 19711",19711,2,3,"1,527",,"5/29/2019Sold$424,900+0%Kim West5/24/2019Listing removed$424,899--3/27/2019Pending sale$424,899--2/26/2019Price change$424,8990%1/1/2019Price change$424,900-5.6%12/17/2018Price change$449,900+5.9%12/3/2018Price change$424,900-5.6%11/2/2018Price change$449,900+0%10/15/2018Price change$449,8990%9/1/2018Price change$449,900-2.2%5/22/2018Listed for sale$459,994+1.1%4/16/2014Sold$455,000+3.2%10/31/2008Sold$441,090--Report issue with price history"
"229 King William St, Newark, DE",https://www.zillow.com/homedetails/229-King-William-St-Newark-DE-19711/178754837_zpid/,05/29/2019,"data:image/gif;base64,R0lGODlhAQABAIAAAAAAAP///yH5BAEAAAAALAAAAAABAAEAAAIBRAA7","$115,000",--,229 King William St,"Newark, DE 19711",19711,,,,,"DateEventPrice$/sqftSource5/29/2019Sold$115,000+21.4%Public Record12/12/2016Sold$94,721+57.9%Public Record3/27/2012Sold$60,000-50.8%Public Record6/13/2006Sold$122,000-2.4%Public Record4/15/2005Sold$125,000--Public RecordReport issue with price history"
"36 Scotch Pine Rd, Newark, DE",https://www.zillow.com/homedetails/36-Scotch-Pine-Rd-Newark-DE-19711/72935508_zpid/,05/29/2019,"data:image/gif;base64,R0lGODlhAQABAIAAAAAAAP///yH5BAEAAAAALAAAAAABAAEAAAIBRAA7","$315,000","1,900",36 Scotch Pine Rd,"Newark, DE 19711",19711,2.5,3,"1,900","10,018","DateEventPrice$/sqftSource5/29/2019Sold$315,000--$166Public RecordReport issue with price history"
"2 Panorama Dr, Newark, DE",https://www.zillow.com/homedetails/2-Panorama-Dr-Newark-DE-19711/72936075_zpid/,05/29/2019,"data:image/gif;base64,R0lGODlhAQABAIAAAAAAAP///yH5BAEAAAAALAAAAAABAAEAAAIBRAA7","$290,000","2,150",2 Panorama Dr,"Newark, DE 19711",19711,3,4,"2,150","10,454","DateEventPrice$/sqftSource5/29/2019Sold$290,000--$135Public Record5/15/2019Listing removed$290,000--$135Coldwell Banker Preferred - Delaware Office4/5/2019Pending sale$290,000--$135Coldwell Banker Preferred - Delaware Office3/31/2019Listed for sale$290,000--$135Coldwell Banker Preferred - Delaware OfficeReport issue with price history"
"16 S Kingston Rd, Newark, DE",https://www.zillow.com/homedetails/16-S-Kingston-Rd-Newark-DE-19713/72898432_zpid/,05/29/2019,"data:image/gif;base64,R0lGODlhAQABAIAAAAAAAP///yH5BAEAAAAALAAAAAABAAEAAAIBRAA7","$151,500","1,425",16 S Kingston Rd,"Newark, DE 19713",19713,1,3,"1,425","7,405","5/24/2019Sold$151,500+12.2%Paul Pantano5/6/2019Listing removed$135,000--4/29/2019Listed for sale$135,000--Report issue with price history"
"1009 Richfield Rd, Newark, DE",https://www.zillow.com/homedetails/1009-Richfield-Rd-Newark-DE-19713/72898732_zpid/,video iconVideo Walkthrough,"data:image/gif;base64,R0lGODlhAQABAIAAAAAAAP///yH5BAEAAAAALAAAAAABAAEAAAIBRAA7","$220,000","1,858",1009 Richfield Rd,"Newark, DE 19713",19713,1,3,"1,858","7,840","5/28/2019Sold$220,000-2.2%Team Endrich4/5/2019Price change$225,000+4.7%3/27/2019Pending sale$214,900--3/21/2019Listed for sale$214,900+26.4%6/21/2013Sold$170,000-2.2%Team Endrich, Margaret Vavala5/21/2013Listing removed$173,900--4/26/2013Listed for sale$173,900+19.9%2/24/2011Sold$145,000-6.4%2/19/2011Listing removed$154,900--10/29/2010Price change$154,900-6.1%10/13/2010Price change$164,900-29.8%9/28/2010Sold$234,912+3.5%10/14/2008Listing removed$226,900--6/20/2008Price change$226,900-1.3%5/29/2008Listed for sale$229,900+2.4%5/1/2006Sold$224,600+76.9%4/3/2002Sold$127,000--Report issue with price history"
"3 Phelps Ln, Newark, DE",https://www.zillow.com/homedetails/3-Phelps-Ln-Newark-DE-19711/72934232_zpid/,05/28/2019,"data:image/gif;base64,R0lGODlhAQABAIAAAAAAAP///yH5BAEAAAAALAAAAAABAAEAAAIBRAA7","$269,900","1,450",3 Phelps Ln,"Newark, DE 19711",19711,2,4,"1,450","6,534","DateEventPrice$/sqftSource5/28/2019Sold$269,900--$186Public Record5/7/2019Pending sale$269,900--$186RE/MAX Associates4/30/2019Price change$269,9000%$186RE/MAX Associates-Wilmington4/2/2019Pending sale$270,000--$186RE/MAX Associates3/23/2019Listed for sale$270,000+1.9%$186RE/MAX Associates-Wilmington5/4/2018Listing removed$265,000--$183Concord Realty Group4/25/2018Listed for sale$265,000+6%$183Concord Realty Group8/15/2008Sold$250,000-9.1%$172Public Record8/8/2008Listing removed$275,000--$190Coldwell Banker**6/19/2008Listed for sale$275,000--$190Coldwell Banker**Report issue with price history"
"63 Kollman Dr, Newark, DE",https://www.zillow.com/homedetails/63-Kollman-Dr-Newark-DE-19713/72897869_zpid/,05/24/2019,"data:image/gif;base64,R0lGODlhAQABAIAAAAAAAP///yH5BAEAAAAALAAAAAABAAEAAAIBRAA7","$199,900","1,100",16 S Kingston Rd,"Newark, DE 19713",19713,1,3,"1,425","7,405","5/24/2019Sold$151,500+12.2%Paul Pantano5/6/2019Listing removed$135,000--4/29/2019Listed for sale$135,000--Report issue with price history"
"39 Aronimink Dr, Newark, DE",https://www.zillow.com/homedetails/39-Aronimink-Dr-Newark-DE-19711/73030447_zpid/,05/24/2019,"data:image/gif;base64,R0lGODlhAQABAIAAAAAAAP///yH5BAEAAAAALAAAAAABAAEAAAIBRAA7","$262,900","1,700",1009 Richfield Rd,"Newark, DE 19713",19713,1,3,"1,858","7,840","5/28/2019Sold$220,000-2.2%Team Endrich4/5/2019Price change$225,000+4.7%3/27/2019Pending sale$214,900--3/21/2019Listed for sale$214,900+26.4%6/21/2013Sold$170,000-2.2%Team Endrich, Margaret Vavala5/21/2013Listing removed$173,900--4/26/2013Listed for sale$173,900+19.9%2/24/2011Sold$145,000-6.4%2/19/2011Listing removed$154,900--10/29/2010Price change$154,900-6.1%10/13/2010Price change$164,900-29.8%9/28/2010Sold$234,912+3.5%10/14/2008Listing removed$226,900--6/20/2008Price change$226,900-1.3%5/29/2008Listed for sale$229,900+2.4%5/1/2006Sold$224,600+76.9%4/3/2002Sold$127,000--Report issue with price history"
"75 Mercer Dr, Newark, DE",https://www.zillow.com/homedetails/75-Mercer-Dr-Newark-DE-19713/72883525_zpid/,05/24/2019,"data:image/gif;base64,R0lGODlhAQABAIAAAAAAAP///yH5BAEAAAAALAAAAAABAAEAAAIBRAA7","$170,000","1,675",3 Phelps Ln,"Newark, DE 19711",19711,2,4,"1,450","6,534","DateEventPrice$/sqftSource5/28/2019Sold$269,900--$186Public Record5/7/2019Pending sale$269,900--$186RE/MAX Associates4/30/2019Price change$269,9000%$186RE/MAX Associates-Wilmington4/2/2019Pending sale$270,000--$186RE/MAX Associates3/23/2019Listed for sale$270,000+1.9%$186RE/MAX Associates-Wilmington5/4/2018Listing removed$265,000--$183Concord Realty Group4/25/2018Listed for sale$265,000+6%$183Concord Realty Group8/15/2008Sold$250,000-9.1%$172Public Record8/8/2008Listing removed$275,000--$190Coldwell Banker**6/19/2008Listed for sale$275,000--$190Coldwell Banker**Report issue with price history"
"139 Salem Church Rd, Newark, DE",https://www.zillow.com/homedetails/139-Salem-Church-Rd-Newark-DE-19713/73038969_zpid/,05/31/2019,"https://maps.googleapis.com/maps/api/staticmap?center=39.668292,-75.696825&zoom=17&size=600x328&maptype=satellite&key=AIzaSyBot9JtFX4Hqs-Ri6N3A8K1Rl5XZD3ssyI&signature=uv4YWv9JWNwcyehLEJxeTMKveGs=","$250,000","1,550",139 Salem Church Rd,"Newark, DE 19713",19713,1,3,"1,550",,"5/31/2019Sold$250,000+0.8%Alan Mazzetti4/25/2019Listing removed$247,900--4/23/2019Price change$247,900-0.8%4/10/2019Listed for sale$249,900--Report issue with price history"
"130 Salem Church Rd, Newark, DE",https://www.zillow.com/homedetails/130-Salem-Church-Rd-Newark-DE-19713/73039255_zpid/,05/30/2019,"data:image/gif;base64,R0lGODlhAQABAIAAAAAAAP///yH5BAEAAAAALAAAAAABAAEAAAIBRAA7","$142,000","2,125",130 Salem Church Rd,"Newark, DE 19713",19713,2,3,"2,125",,"5/30/2019Sold$142,000-18.9%Chris Black4/1/2019Pending sale$175,000--3/20/2019Price change$175,000-2.8%2/4/2019Price change$180,000-7.5%1/28/2019Pending sale$194,500--10/24/2018Listed for sale$194,500-7.4%8/8/2018Listing removed$210,000--6/4/2018Price change$210,000-6.7%5/16/2018Listed for sale$225,000+73.1%4/25/1995Sold$130,000--Report issue with price history"
"413 Jaymar Blvd, Newark, DE",https://www.zillow.com/homedetails/413-Jaymar-Blvd-Newark-DE-19702/73044357_zpid/,05/28/2019,"https://maps.googleapis.com/maps/api/streetview?location=39.640696,-75.697032&size=600x328&key=AIzaSyBot9JtFX4Hqs-Ri6N3A8K1Rl5XZD3ssyI&signature=AEPfHDBRWbmoMLlsDlvuBN5__OM=","$279,900","2,175",413 Jaymar Blvd,"Newark, DE 19702",19702,3,4,"2,175","7,405","5/15/2019Sold$289,900--Craig Blango, Glendora Sealey4/15/2019Pending sale$289,900--3/16/2019Listed for sale$289,900--Report issue with price history"
"63 Kollman Dr, Newark, DE",https://www.zillow.com/homedetails/63-Kollman-Dr-Newark-DE-19713/72897869_zpid/,05/24/2019,"https://maps.googleapis.com/maps/api/streetview?location=39.661009,-75.734015&size=600x328&key=AIzaSyBot9JtFX4Hqs-Ri6N3A8K1Rl5XZD3ssyI&signature=1mE6h3kcym_acsZFmRZ9t2DIqdI=","$199,900","1,100",63 Kollman Dr,"Newark, DE 19713",19713,1,3,"1,100","7,840","5/24/2019Sold$199,900--Delcollo Salvatore, Eddie Barksdale4/18/2019Listing removed$199,900--4/10/2019Listed for sale$199,900+0.5%4/28/2010Price change$199,000-0.3%9/26/2007Sold$199,500--10/31/2006Sold$199,500+52.3%4/6/2006Sold$131,000--Report issue with price history"
"39 Aronimink Dr, Newark, DE",https://www.zillow.com/homedetails/39-Aronimink-Dr-Newark-DE-19711/73030447_zpid/,05/24/2019,"https://maps.googleapis.com/maps/api/streetview?location=39.704795,-75.730890&size=600x328&key=AIzaSyBot9JtFX4Hqs-Ri6N3A8K1Rl5XZD3ssyI&signature=p6gFk6J6DRJKy4aJB3LEvH-gKsw=","$262,900","1,700",39 Aronimink Dr,"Newark, DE 19711",19711,1.5,4,"1,700",,"5/24/2019Sold$262,900+1.2%David Landon, Delcollo Salvatore3/25/2019Listing removed$259,900--3/18/2019Price change$259,900-1.9%3/12/2019Listed for sale$264,900+23.2%2/25/2014Sold$215,000--Report issue with price history"
"117 Syracuse Dr, Newark, DE",https://www.zillow.com/homedetails/117-Syracuse-Dr-Newark-DE-19713/72899917_zpid/,05/24/2019,"https://maps.googleapis.com/maps/api/streetview?location=39.650712,-75.772899&size=600x328&key=AIzaSyBot9JtFX4Hqs-Ri6N3A8K1Rl5XZD3ssyI&signature=jQzT3ulHI-nBj3N7dyFGGFQ9ql4=","$311,920","2,750",117 Syracuse Dr,"Newark, DE 19713",19713,3,4,"2,750","8,712","5/15/2019Sold$389,900--Jeff Bollinger Bollinger3/18/2019Pending sale$389,900--3/15/2019Listed for sale$389,900+12.1%7/14/2004Sold$347,726--Report issue with price history"
"18 Flint Hill Dr, Newark, DE",https://www.zillow.com/homedetails/18-Flint-Hill-Dr-Newark-DE-19702/73042070_zpid/,05/24/2019,https://photos.zillowstatic.com/p_e/IS6a3n5a8igp4x0000000000.jpg,"$288,000","2,475",18 Flint Hill Dr,"Newark, DE 19702",19702,3,4,"2,475","9,147","DateEventPrice$/sqftSource5/24/2019Sold$288,000+1.1%$116Public Record5/5/2019Pending sale$285,000--$115RE/MAX Edge5/3/2019Back on market$285,000--$115RE/MAX Edge4/24/2019Pending sale$285,000--$115RE/MAX Edge4/18/2019Listed for sale$285,000--$115RE/MAX EdgeReport issue with price history"
"1209 Chelmsford Cir, Newark, DE",https://www.zillow.com/homedetails/1209-Chelmsford-Cir-Newark-DE-19713/73039153_zpid/,05/24/2019,https://photos.zillowstatic.com/p_e/IS23n2k6zgy4no1000000000.jpg,"$110,000",75,1209 Chelmsford Cir,"Newark, DE 19713",19713,2,2,75,,"5/24/2019Sold$110,000-5.2%George Tuten, Jr.5/3/2019Pending sale$116,000--3/6/2019Price change$116,000-4.1%2/8/2019Listed for sale$121,000+86.4%5/30/1989Sold$64,900--Report issue with price history"
"246 E Flagstone Dr, Newark, DE",https://www.zillow.com/homedetails/246-E-Flagstone-Dr-Newark-DE-19702/72879776_zpid/,05/24/2019,https://photos.zillowstatic.com/p_e/IS16dl2rsr2z1yb.jpg,"$335,000","2,350",246 E Flagstone Dr,"Newark, DE 19702",19702,4,5,"2,350",,"5/24/2019Sold$335,000+1.5%Alex Groop3/29/2019Listed for sale$329,900+4.7%9/29/2009Sold$315,000-4.5%8/15/2009Price change$329,900--Report issue with price history"
"21 N Skyward Dr, Newark, DE",https://www.zillow.com/homedetails/21-N-Skyward-Dr-Newark-DE-19713/73040348_zpid/,05/24/2019,https://photos.zillowstatic.com/p_e/ISmqq8o3ky55im1000000000.jpg,"$125,000","1,812",21 N Skyward Dr,"Newark, DE 19713",19713,1.5,3,"1,812","6,534","DateEventPrice$/sqftSource5/24/2019Sold$125,000-20.6%$69Public Record5/16/2019Listing removed$157,500--$87Weichert Realtors2/12/2019Price change$157,500-12.5%$87Weichert Realtors1/26/2019Listed for sale$179,900-9.6%$99Weichert Realtors8/23/2007Sold$199,000+67.2%$110Public Record4/26/2001Sold$119,000--$66Public RecordReport issue with price history"
"75 Mercer Dr, Newark, DE",https://www.zillow.com/homedetails/75-Mercer-Dr-Newark-DE-19713/72883525_zpid/,05/24/2019,"data:image/gif;base64,R0lGODlhAQABAIAAAAAAAP///yH5BAEAAAAALAAAAAABAAEAAAIBRAA7","$170,000","1,675",75 Mercer Dr,"Newark, DE 19713",19713,1,3,"1,675","6,969","4/30/2019Sold$170,000--Laura Diaz Desi Rivera, Laura Walker3/25/2019Listing removed$170,000--3/8/2019Listed for sale$170,000--12/3/2018Listing removed$170,000--7/2/2018Listed for sale$170,000+227.2%3/12/2002Sold$51,950--Report issue with price history"
"5 Farmhouse Rd, Newark, DE",https://www.zillow.com/homedetails/5-Farmhouse-Rd-Newark-DE-19711/72935492_zpid/,05/24/2019,"data:image/gif;base64,R0lGODlhAQABAIAAAAAAAP///yH5BAEAAAAALAAAAAABAAEAAAIBRAA7","$395,000","4,236",5 Farmhouse Rd,"Newark, DE 19711",19711,3,4,"4,236",,"5/23/2019Sold$395,000-3.7%Riggin Group Real Estate4/24/2019Pending sale$410,000--4/12/2019Listed for sale$410,000--Report issue with price history"
"146 Tall Pines Rd, Newark, DE",https://www.zillow.com/homedetails/146-Tall-Pines-Rd-Newark-DE-19713/72899675_zpid/,05/23/2019,"data:image/gif;base64,R0lGODlhAQABAIAAAAAAAP///yH5BAEAAAAALAAAAAABAAEAAAIBRAA7","$230,500","2,200",146 Tall Pines Rd,"Newark, DE 19713",19713,2.5,4,"2,200",,"5/23/2019Sold$230,500+2%Bilal Gondal5/3/2019Listing removed$225,900--4/25/2019Listed for sale$225,900+22.1%5/23/2018Sold$185,000-31.6%2/14/2018Listing removed$270,488+19%1/30/2018Listed for sale$227,2150%10/11/2017Listing removed$227,216-15.5%9/26/2017Listed for sale----12/25/2016Listing removed$269,000--2/29/2016Listed for sale$269,000-3.9%8/17/2005Sold$280,000--Report issue with price history"
"1105 Old Coochs Bridge Rd, Newark, DE",https://www.zillow.com/homedetails/1105-Old-Coochs-Bridge-Rd-Newark-DE-19713/72934652_zpid/,05/23/2019,"data:image/gif;base64,R0lGODlhAQABAIAAAAAAAP///yH5BAEAAAAALAAAAAABAAEAAAIBRAA7","$222,400","2,542",1105 Old Coochs Bridge Rd,"Newark, DE 19713",19713,2,4,"2,542","8,712","5/22/2019Sold$278,000-4.1%Clarissa Howard4/18/2019Pending sale$289,900--3/26/2019Price change$289,900-1.7%3/15/2019Price change$294,900-1.7%1/8/2019Listed for sale$299,900-1.7%4/30/2018Sold$305,035+33.8%12/3/2008Sold$228,000-0.8%5/12/2008Listing removed$229,900--4/23/2008Listed for sale$229,900--Report issue with price history"
"113 E Main St UNIT 415, Newark, DE",https://www.zillow.com/homedetails/113-E-Main-St-UNIT-415-Newark-DE-19711/102676532_zpid/,05/23/2019,"data:image/gif;base64,R0lGODlhAQABAIAAAAAAAP///yH5BAEAAAAALAAAAAABAAEAAAIBRAA7","$420,000","1,466",113 E Main St UNIT 415,"Newark, DE 19711",19711,2,3,"1,466",,"DateEventPrice$/sqftSource5/23/2019Sold$420,000-1.2%$286Public Record4/12/2019Pending sale$424,998--$290Long & Foster - Bear3/24/2019Price change$424,9980%$290Long & Foster - Bear2/26/2019Price change$424,9990%$290Long & Foster - Bear10/13/2018Price change$425,000+7.6%$290Long & Foster - Bear9/1/2018Price change$394,9960%$269Long & Foster - Bear6/20/2018Price change$394,997-12.2%$269Long & Foster - Bear6/19/2018Price change$450,000+13.9%$307Long & Foster - Bear5/22/2018Listed for sale$394,996-1.2%$269Long & Foster - Bear12/16/2008Sold$399,900--$273Public RecordReport issue with price history"
"14 Malvina Ln, Newark, DE",https://www.zillow.com/homedetails/14-Malvina-Ln-Newark-DE-19713/73036775_zpid/,05/23/2019,"data:image/gif;base64,R0lGODlhAQABAIAAAAAAAP///yH5BAEAAAAALAAAAAABAAEAAAIBRAA7","$125,000","1,500",14 Malvina Ln,"Newark, DE 19713",19713,1.5,3,"1,500","10,454","DateEventPrice$/sqftSource5/23/2019Sold$125,000-13.7%$83Public Record8/16/2004Sold$144,900--$97Public RecordReport issue with price history"
"121 Felix Dr, Newark, DE",https://www.zillow.com/homedetails/121-Felix-Dr-Newark-DE-19713/245969259_zpid/,video iconVideo Walkthrough,"data:image/gif;base64,R0lGODlhAQABAIAAAAAAAP///yH5BAEAAAAALAAAAAABAAEAAAIBRAA7","$299,990","2,237",,,,,,,,
"68 Welsh Tract Rd APT 301, Newark, DE",https://www.zillow.com/homedetails/68-Welsh-Tract-Rd-APT-301-Newark-DE-19713/178758051_zpid/,05/22/2019,"data:image/gif;base64,R0lGODlhAQABAIAAAAAAAP///yH5BAEAAAAALAAAAAABAAEAAAIBRAA7","$98,000","1,228",68 Welsh Tract Rd APT 301,"Newark, DE 19713",19713,2,2,"1,228",,"5/22/2019Sold$98,000--Johanna NovackReport issue with price history"
"27 Mavista Cir, Newark, DE",https://www.zillow.com/homedetails/27-Mavista-Cir-Newark-DE-19713/72888059_zpid/,05/22/2019,"data:image/gif;base64,R0lGODlhAQABAIAAAAAAAP///yH5BAEAAAAALAAAAAABAAEAAAIBRAA7","$147,500","1,496",27 Mavista Cir,"Newark, DE 19713",19713,1,3,"1,496","9,147","5/22/2019Sold$147,500-0.3%3/29/2019Listing removed$148,000--2/11/2019Price change$148,000--7/13/2018Listing removed$148,000+23.3%2/15/2018Sold$120,000-38.5%12/5/2017Listed for sale----5/2/2014Sold$195,000--Tamika Moulden, Team Webster3/18/2014Listing removed$195,000--11/6/2013Price change$195,000-2.5%9/12/2013Listed for sale$200,000-4.7%6/1/2006Sold$209,900+107.4%1/20/2006Sold$101,187--Report issue with price history"
"222 Dallam Rd, Newark, DE",https://www.zillow.com/homedetails/222-Dallam-Rd-Newark-DE-19711/72931529_zpid/,05/21/2019,"data:image/gif;base64,R0lGODlhAQABAIAAAAAAAP///yH5BAEAAAAALAAAAAABAAEAAAIBRAA7","$340,000","2,625",222 Dallam Rd,"Newark, DE 19711",19711,3.5,3,"2,625",,"5/21/2019Sold$340,000+3.3%Kim West4/21/2019Listing removed$329,000--4/4/2019Listed for sale$329,000+1096.4%10/27/2003Sold$27,500--Report issue with price history"
"175 Melodic Dr, Newark, DE",https://www.zillow.com/homedetails/175-Melodic-Dr-Newark-DE-19713/73036398_zpid/,05/21/2019,"data:image/gif;base64,R0lGODlhAQABAIAAAAAAAP///yH5BAEAAAAALAAAAAABAAEAAAIBRAA7","$215,000","1,275",175 Melodic Dr,"Newark, DE 19713",19713,2,3,"1,275","6,534","5/17/2019Sold$215,000--Lakeisha Cunningham, Jason Duncan4/3/2019Pending sale$215,000+2.4%3/24/2019Listed for sale$209,900+13.5%8/10/2016Sold$184,900--The Ruckle Team6/3/2016Listing removed$184,900--5/23/2016Listed for sale$184,900--Report issue with price history"
"111 Red Pine Cir, Newark, DE",https://www.zillow.com/homedetails/111-Red-Pine-Cir-Newark-DE-19711/72933672_zpid/,05/21/2019,"data:image/gif;base64,R0lGODlhAQABAIAAAAAAAP///yH5BAEAAAAALAAAAAABAAEAAAIBRAA7","$300,000","1,900",111 Red Pine Cir,"Newark, DE 19711",19711,3,3,"1,900","7,840","5/21/2019Sold$300,000-2.8%3/3/2019Pending sale$308,500--2/25/2019Listed for sale$308,500+11.4%5/19/2011Sold$277,000-4.2%Grimly Foret2/11/2010Price change$289,000-7.4%5/1/2007Sold$312,000--Report issue with price history"
"64 Welsh Tract Rd APT 104, Newark, DE",https://www.zillow.com/homedetails/64-Welsh-Tract-Rd-APT-104-Newark-DE-19713/72934991_zpid/,05/21/2019,"data:image/gif;base64,R0lGODlhAQABAIAAAAAAAP///yH5BAEAAAAALAAAAAABAAEAAAIBRAA7","$80,000",809,64 Welsh Tract Rd APT 104,"Newark, DE 19713",19713,1,1,809,,"DateEventPrice$/sqftSource5/21/2019Sold$80,000--$99Public RecordReport issue with price history"
"420 Tree Of Heaven Way, Newark, DE",https://www.zillow.com/homedetails/420-Tree-Of-Heaven-Way-Newark-DE-19713/245969729_zpid/,video iconVideo Walkthrough,"data:image/gif;base64,R0lGODlhAQABAIAAAAAAAP///yH5BAEAAAAALAAAAAABAAEAAAIBRAA7","$379,990","3,154",420 Tree Of Heaven Way,"Newark, DE 19713",19713,2.5,3,"3,154",,"DateEventPrice$/sqftSource5/21/2019Sold$379,990--$120Public Record5/20/2019Listing removed$379,990--$120Long & Foster - Hockessin3/13/2019Pending sale$379,990--$120Long & Foster - Hockessin2/13/2019Price change$379,990-0.6%$120Ryan Homes1/23/2019Price change$382,460-5.2%$121Long & Foster - Hockessin1/11/2019Listed for sale$403,455--$128L&F - HockessinReport issue with price history"
"226 Elderfield Rd, Newark, DE",https://www.zillow.com/homedetails/226-Elderfield-Rd-Newark-DE-19713/73036949_zpid/,05/20/2019,"data:image/gif;base64,R0lGODlhAQABAIAAAAAAAP///yH5BAEAAAAALAAAAAABAAEAAAIBRAA7","$209,900","1,325",226 Elderfield Rd,"Newark, DE 19713",19713,1.5,4,"1,325","9,583","DateEventPrice$/sqftSource5/20/2019Sold$209,900--$158Public Record4/19/2019Listing removed$209,900--$158Simple Choice Realty, Inc.4/3/2019Price change$209,900+2.4%$158Simple Choice Realty, Inc.3/11/2019Listed for sale$205,000--$155Simple Choice Realty, Inc.Report issue with price history"
"34 Midland Dr, Newark, DE",https://www.zillow.com/homedetails/34-Midland-Dr-Newark-DE-19713/73036911_zpid/,05/20/2019,"data:image/gif;base64,R0lGODlhAQABAIAAAAAAAP///yH5BAEAAAAALAAAAAABAAEAAAIBRAA7","$251,000","1,600",34 Midland Dr,"Newark, DE 19713",19713,1.5,4,"1,600","9,583","DateEventPrice$/sqftSource5/20/2019Sold$251,000+0.4%$157Public Record4/2/2019Listing removed$249,995--$156Patterson-Schwartz Real Estate3/26/2019Listed for sale$249,995+4.2%$156Patterson-Schwartz Real Estate12/5/2008Listing removed$239,900--$150Keller Williams Realty6/20/2008Price change$239,900-1.1%$150Keller Williams Realty5/16/2008Listed for sale$242,500--$152Keller Williams RealtyReport issue with price history"
"69 Highland Cir, Newark, DE",https://www.zillow.com/homedetails/69-Highland-Cir-Newark-DE-19713/72900109_zpid/,05/20/2019,https://photos.zillowstatic.com/p_e/ISecqcd82yezao0000000000.jpg,"$228,500","1,660",69 Highland Cir,"Newark, DE 19713",19713,2.5,3,"1,660","3,049","DateEventPrice$/sqftSource5/20/2019Sold$228,500--$138Public Record5/17/2019Listed for rent$2,100/mo--$1Zillow Rental Manager4/19/2019Listing removed$240,000--$145EXP Realty3/29/2019Listed for sale$240,000+23.1%$145EXP Realty7/29/2014Listing removed$195,000--$117Patterson-Schwartz Real Estate7/8/2014Listed for sale$195,000+46.6%$117Patterson-Schwartz Real Estate9/13/2001Sold$133,000--$80Public RecordReport issue with price history"
"810 N Country Club Dr, Newark, DE",https://www.zillow.com/homedetails/810-N-Country-Club-Dr-Newark-DE-19711/72932637_zpid/,05/20/2019,"https://maps.googleapis.com/maps/api/streetview?location=39.697885,-75.772545&size=600x328&key=AIzaSyBot9JtFX4Hqs-Ri6N3A8K1Rl5XZD3ssyI&signature=2OHngFsHxNjPh1dyO0MIy0hR5tA=","$340,000","2,200",810 N Country Club Dr,"Newark, DE 19711",19711,2.5,4,"2,200",,"5/17/2019Sold$340,000+1.5%George Manolakos4/30/2019Listing removed$335,000--4/15/2019Pending sale$335,000--4/11/2019Listed for sale$335,000+43.8%10/31/2014Sold$233,000--Report issue with price history"
"312 N Dillwyn Rd, Newark, DE",https://www.zillow.com/homedetails/312-N-Dillwyn-Rd-Newark-DE-19711/73034822_zpid/,05/17/2019,https://photos.zillowstatic.com/p_e/ISyjpsxvv0d70r1000000000.jpg,"$250,000","1,475",312 N Dillwyn Rd,"Newark, DE 19711",19711,2,3,"1,475","6,534","5/17/2019Sold$250,000+0%Delcollo Salvatore4/3/2019Listing removed$249,900--3/26/2019Price change$249,900+2%10/25/2018Price change$245,000-2%10/1/2018Price change$249,900-2%9/11/2018Listed for sale$254,900+92.4%6/4/1998Sold$132,500--Report issue with price history"
"331 N Dillwyn Rd, Newark, DE",https://www.zillow.com/homedetails/331-N-Dillwyn-Rd-Newark-DE-19711/73034926_zpid/,05/17/2019,"https://maps.googleapis.com/maps/api/streetview?location=39.689114,-75.712870&size=600x328&key=AIzaSyBot9JtFX4Hqs-Ri6N3A8K1Rl5XZD3ssyI&signature=C8cGqzJS4Snzp7IeThyHf4-e9Kc=","$250,000","1,475",331 N Dillwyn Rd,"Newark, DE 19711",19711,1.5,3,"1,475","6,970","5/15/2019Sold$250,000--Delcollo Salvatore3/29/2019Listing removed$250,000--3/27/2019Price change$250,000+2.1%3/26/2019Listed for sale$244,900--12/2/2016Listing removed$1,450--7/20/2015Listing removed$244,500--6/26/2015Price change$244,500-2%6/5/2015Listed for sale$249,500+95.8%10/30/2007Sold$127,450-15%9/26/2001Sold$149,900--Report issue with price history"
"2206 Chelmsford Cir, Newark, DE",https://www.zillow.com/homedetails/2206-Chelmsford-Cir-Newark-DE-19713/73039233_zpid/,05/16/2019,https://photos.zillowstatic.com/p_e/ISat8j2iog6t8l0000000000.jpg,"$139,900","1,525",2206 Chelmsford Cir,"Newark, DE 19713",19713,2.5,3,"1,525",,"DateEventPrice$/sqftSource5/16/2019Sold$139,900--$92Public Record3/19/2019Listing removed$139,900--$92Keller Williams Realty - North Wilmington2/26/2019Pending sale$139,900--$92Keller Williams Realty - North Wilmington2/13/2019Price change$139,900-3.5%$92Keller Williams Realty - North Wilmington12/22/2018Listed for sale$144,900+107%$95Keller Williams Realty-Wilming11/15/2018Sold$70,000--$46Public RecordReport issue with price history"
"8 Elk Ln, Newark, DE",https://www.zillow.com/homedetails/8-Elk-Ln-Newark-DE-19713/72897144_zpid/,05/16/2019,https://photos.zillowstatic.com/p_e/ISi3alvyh202qt1000000000.jpg,"$240,000","2,574",8 Elk Ln,"Newark, DE 19713",19713,1.5,4,"2,574","9,147","DateEventPrice$/sqftSource5/16/2019Sold$240,000-2%$93Public Record4/10/2019Pending sale$245,000--$95RE/MAX Edge3/27/2019Back on market$245,000--$95RE/MAX Edge3/21/2019Pending sale$245,000--$95RE/MAX Edge3/5/2019Listed for sale$245,000+54%$95RE/MAX Sunvest Realty10/7/2004Sold$159,100--$62Public RecordReport issue with price history"
"133 Garrett Rd, Newark, DE",https://www.zillow.com/homedetails/133-Garrett-Rd-Newark-DE-19713/73038904_zpid/,05/15/2019,https://photos.zillowstatic.com/p_e/ISad415r03xn8r0000000000.jpg,"$227,000","2,225",133 Garrett Rd,"Newark, DE 19713",19713,2,3,"2,225","8,276","5/15/2019Sold$227,000+0.9%Laura Walker4/1/2019Listing removed$225,000--3/23/2019Listed for sale$225,000+2.3%10/19/2018Listing removed$220,000--7/25/2018Price change$220,000-2.2%6/12/2018Listed for sale$225,000+2.7%6/28/2016Listing removed$219,000--6/17/2016Price change$219,000-4.7%6/3/2016Listed for sale$229,900--Report issue with price history"
"9 Meadow Ln, Newark, DE",https://www.zillow.com/homedetails/9-Meadow-Ln-Newark-DE-19713/72884941_zpid/,05/15/2019,"https://maps.googleapis.com/maps/api/streetview?location=39.665794,-75.723866&size=600x328&key=AIzaSyBot9JtFX4Hqs-Ri6N3A8K1Rl5XZD3ssyI&signature=Q_yBSmhCQfBkNhwoyZbrNqpiBNA=","$160,000","1,300",9 Meadow Ln,"Newark, DE 19713",19713,1,3,"1,300","6,969","5/15/2019Sold$160,000+68.6%12/28/2011Sold$94,900-30.2%Bob Comegys11/15/2011Sold$136,026+43.3%10/8/2011Listed for sale$94,900-17.5%8/19/2011Listing removed$115,000--8/15/2011Price change$115,000+36.9%7/26/2011Price change$84,000-4.5%6/3/2011Price change$88,000-19.6%6/1/2011Listed for sale$109,500--4/28/2011Listing removed$109,500--2/24/2011Price change$109,500-21.7%12/24/2010Price change$139,900+27.8%12/22/2010Price change$109,500-21.7%11/24/2010Price change$139,900+21.7%11/18/2010Price change$115,000-17.8%9/15/2010Price change$139,900-6.7%9/14/2010Price change$150,000+7.2%6/1/2010Price change$139,900-6.7%5/29/2010Price change$150,000+7.2%3/20/2010Price change$139,900+15.6%11/26/2002Sold$121,000--Report issue with price history"
"5 S Fawn Dr, Newark, DE",https://www.zillow.com/homedetails/5-S-Fawn-Dr-Newark-DE-19711/72931970_zpid/,05/15/2019,"data:image/gif;base64,R0lGODlhAQABAIAAAAAAAP///yH5BAEAAAAALAAAAAABAAEAAAIBRAA7","$260,000","3,250",,,,,,,,
"27 W Village Rd, Newark, DE",https://www.zillow.com/homedetails/27-W-Village-Rd-Newark-DE-19713/72933251_zpid/,05/15/2019,"data:image/gif;base64,R0lGODlhAQABAIAAAAAAAP///yH5BAEAAAAALAAAAAABAAEAAAIBRAA7","$110,000",650,27 W Village Rd,"Newark, DE 19713",19713,1,1,650,,"5/15/2019Sold$110,000-5.1%Gina McCollum-Crowder5/9/2019Listing removed$115,900--12/23/2018Listed for sale$115,900+5.4%10/16/2017Listing removed$110,000--8/10/2017Price change$110,000-2.2%8/10/2017Pending sale$112,500--7/13/2017Price change$112,500-2.2%5/3/2017Price change$115,000-3.8%3/3/2017Price change$119,500-4.4%2/8/2017Listed for sale$125,000-23.1%4/12/2007Sold$162,500+4.8%10/13/2005Sold$155,000+14.8%7/1/2004Sold$135,000--Report issue with price history"
"196 Harriet Ct, Newark, DE",https://www.zillow.com/homedetails/196-Harriet-Ct-Newark-DE-19711/73030689_zpid/,05/14/2019,"data:image/gif;base64,R0lGODlhAQABAIAAAAAAAP///yH5BAEAAAAALAAAAAABAAEAAAIBRAA7","$415,000","2,625",196 Harriet Ct,"Newark, DE 19711",19711,3,4,"2,625",,"4/30/2019Sold$415,000-1.2%Mike Walton3/26/2019Pending sale$419,900--3/20/2019Listed for sale$419,900--Report issue with price history"
"31 Mallboro Dr, Newark, DE",https://www.zillow.com/homedetails/31-Mallboro-Dr-Newark-DE-19713/72883072_zpid/,05/14/2019,"data:image/gif;base64,R0lGODlhAQABAIAAAAAAAP///yH5BAEAAAAALAAAAAABAAEAAAIBRAA7","$144,000","1,325",31 Mallboro Dr,"Newark, DE 19713",19713,2,3,"1,325","10,019","5/3/2019Sold$180,000-5.2%Donna Weed4/8/2019Pending sale$189,900--4/3/2019Price change$189,900-4.6%3/11/2019Price change$199,000-5.2%9/9/2018Listed for sale$210,000--Report issue with price history"
"201 Winslow Rd, Newark, DE",https://www.zillow.com/homedetails/201-Winslow-Rd-Newark-DE-19711/72932829_zpid/,05/14/2019,"data:image/gif;base64,R0lGODlhAQABAIAAAAAAAP///yH5BAEAAAAALAAAAAABAAEAAAIBRAA7","$265,200","2,579",201 Winslow Rd,"Newark, DE 19711",19711,2,4,"2,579",,"5/14/2019Sold$265,200--4/12/2019Sold$265,200+0.1%Kyle Mayhew3/16/2019Pending sale$265,000--2/26/2019Listed for sale$265,000--Report issue with price history"
"115 Brewster Dr, Newark, DE",https://www.zillow.com/homedetails/115-Brewster-Dr-Newark-DE-19711/73031238_zpid/,05/13/2019,"data:image/gif;base64,R0lGODlhAQABAIAAAAAAAP///yH5BAEAAAAALAAAAAABAAEAAAIBRAA7","$215,000","2,005",115 Brewster Dr,"Newark, DE 19711",19711,1.5,3,"2,005","8,276","5/10/2019Sold$215,000+2.9%Ross Weiner4/16/2019Listing removed$209,000--4/13/2019Listed for sale$209,000+30.6%1/11/2010Sold$160,000+19.9%10/11/2002Sold$133,500--Report issue with price history"
"15 Plymouth Dr, Newark, DE",https://www.zillow.com/homedetails/15-Plymouth-Dr-Newark-DE-19713/72934821_zpid/,05/13/2019,"data:image/gif;base64,R0lGODlhAQABAIAAAAAAAP///yH5BAEAAAAALAAAAAABAAEAAAIBRAA7","$235,000","1,575",15 Plymouth Dr,"Newark, DE 19713",19713,2,3,"1,575","9,583","5/13/2019Sold$235,000--3/27/2019Sold$235,000-2%Stephen Mervine3/17/2019Pending sale$239,900--3/1/2019Price change$239,900-2%1/30/2019Price change$244,900-2%12/5/2018Listed for sale$249,900+89.9%7/20/2018Sold$131,600+12.5%Stephen Mervine7/5/2018Listing removed$117,000--6/28/2018Listed for sale$117,000--Report issue with price history"
"116 Marie Ct, Newark, DE",https://www.zillow.com/homedetails/116-Marie-Ct-Newark-DE-19702/178683737_zpid/,05/10/2019,"data:image/gif;base64,R0lGODlhAQABAIAAAAAAAP///yH5BAEAAAAALAAAAAABAAEAAAIBRAA7","$422,000","2,797",116 Marie Ct,"Newark, DE 19702",19702,2.5,4,"2,797",,"DateEventPrice$/sqftSource5/10/2019Sold$422,000+3%$151Public Record3/13/2019Listing removed$409,900--$147Home Finders Real Estate Co1/12/2019Price change$409,900-2.2%$147Home Finders Real Estate Co10/17/2018Price change$419,000-0.2%$150Home Finders Real Estate Co9/12/2018Price change$419,900-1.2%$150Home Finders Real Estate Co9/9/2018Price change$424,900-1.3%$152Home Finders Real Estate Co2/25/2018Price change$430,562+2.8%$154Home Finders Real Estate Co2/6/2018Listed for sale$418,894--$150Home Finders Real Estate CoReport issue with price history"
"223 Fieldstone Ln, Newark, DE",https://www.zillow.com/homedetails/223-Fieldstone-Ln-Newark-DE-19702/73043644_zpid/,05/09/2019,"data:image/gif;base64,R0lGODlhAQABAIAAAAAAAP///yH5BAEAAAAALAAAAAABAAEAAAIBRAA7","$126,400","1,225",223 Fieldstone Ln,"Newark, DE 19702",19702,2.5,2,"1,225","1,742","5/6/2019Sold$158,000-4.2%Brynn Beideman4/3/2019Listing removed$164,900--4/1/2019Listed for sale$164,900+3.1%6/8/2010Sold$160,000-3%4/3/2010Listing removed$165,000--2/13/2010Listed for sale$165,000-0.3%11/21/2009Listing removed$165,500--10/16/2009Price change$165,500-2.6%9/18/2009Price change$169,900-1.2%9/12/2009Price change$172,000-0.5%9/5/2009Listed for sale$172,900--Report issue with price history"
"124 W Mill Station Dr, Newark, DE",https://www.zillow.com/homedetails/124-W-Mill-Station-Dr-Newark-DE-19711/72935847_zpid/,05/09/2019,"data:image/gif;base64,R0lGODlhAQABAIAAAAAAAP///yH5BAEAAAAALAAAAAABAAEAAAIBRAA7","$350,000","2,575",124 W Mill Station Dr,"Newark, DE 19711",19711,3,5,"2,575",,"5/7/2019Sold$350,000-5.4%Dan Davis5/2/2019Listing removed$369,900--3/20/2019Pending sale$369,900--12/1/2018Listed for sale$369,900--Report issue with price history"
"144 Felix Dr, Newark, DE",https://www.zillow.com/homedetails/144-Felix-Dr-Newark-DE-19713/245970036_zpid/,05/08/2019,"data:image/gif;base64,R0lGODlhAQABAIAAAAAAAP///yH5BAEAAAAALAAAAAABAAEAAAIBRAA7","$516,000",--,144 Felix Dr,"Newark, DE 19713",19713,,,,"2,178","DateEventPrice$/sqftSource5/8/2019Sold$516,000--Public RecordReport issue with price history"
"142 Felix Dr, Newark, DE",https://www.zillow.com/homedetails/142-Felix-Dr-Newark-DE-19713/245969997_zpid/,05/08/2019,"data:image/gif;base64,R0lGODlhAQABAIAAAAAAAP///yH5BAEAAAAALAAAAAABAAEAAAIBRAA7","$516,000",--,142 Felix Dr,"Newark, DE 19713",19713,,,,"2,178","DateEventPrice$/sqftSource5/8/2019Sold$516,000--Public RecordReport issue with price history"
"9 Buttonwood Ct, Newark, DE",https://www.zillow.com/homedetails/9-Buttonwood-Ct-Newark-DE-19702/73041790_zpid/,05/08/2019,"data:image/gif;base64,R0lGODlhAQABAIAAAAAAAP///yH5BAEAAAAALAAAAAABAAEAAAIBRAA7","$201,600","2,075",9 Buttonwood Ct,"Newark, DE 19702",19702,3,4,"2,075","8,712","DateEventPrice$/sqftSource5/8/2019Sold$201,600-31.1%$97Public Record5/3/2019Listing removed$292,500-3.1%$141BHHS Fox & Roach Greenville Home Marketing Center4/29/2019Sold$302,000+3.2%$146--4/3/2019Pending sale$292,500--$141BHHS Fox & Roach Greenville Home Marketing Center3/26/2019Listed for sale$292,500--$141BHHS Fox & Roach-GreenvilleReport issue with price history"
"138 Felix Dr, Newark, DE",https://www.zillow.com/homedetails/138-Felix-Dr-Newark-DE-19713/245969945_zpid/,05/08/2019,"data:image/gif;base64,R0lGODlhAQABAIAAAAAAAP///yH5BAEAAAAALAAAAAABAAEAAAIBRAA7","$516,000",--,138 Felix Dr,"Newark, DE 19713",19713,,,,"2,178","DateEventPrice$/sqftSource5/8/2019Sold$516,000--Public RecordReport issue with price history"
"136 Felix Dr, Newark, DE",https://www.zillow.com/homedetails/136-Felix-Dr-Newark-DE-19713/245969844_zpid/,05/08/2019,"data:image/gif;base64,R0lGODlhAQABAIAAAAAAAP///yH5BAEAAAAALAAAAAABAAEAAAIBRAA7","$516,000",--,136 Felix Dr,"Newark, DE 19713",19713,,,,"4,356","DateEventPrice$/sqftSource5/8/2019Sold$516,000--Public RecordReport issue with price history"
"146 Felix Dr, Newark, DE",https://www.zillow.com/homedetails/146-Felix-Dr-Newark-DE-19713/245969718_zpid/,05/08/2019,"data:image/gif;base64,R0lGODlhAQABAIAAAAAAAP///yH5BAEAAAAALAAAAAABAAEAAAIBRAA7","$516,000",--,146 Felix Dr,"Newark, DE 19713",19713,,,,"3,484","DateEventPrice$/sqftSource5/8/2019Sold$516,000--Public RecordReport issue with price history"
"924 Barksdale Rd, Newark, DE",https://www.zillow.com/homedetails/924-Barksdale-Rd-Newark-DE-19711/72932391_zpid/,05/07/2019,"https://maps.googleapis.com/maps/api/staticmap?center=39.679777,-75.769673&zoom=17&size=600x328&maptype=satellite&key=AIzaSyBot9JtFX4Hqs-Ri6N3A8K1Rl5XZD3ssyI&signature=bIUq1WbaJAnpodqr_UEEehniTuQ=",$2.83M,--,924 Barksdale Rd,"Newark, DE 19711",19711,,,,,"DateEventPrice$/sqftSource5/7/2019Sold$2,825,000--Public RecordReport issue with price history"
"24 Arizona State Dr, Newark, DE",https://www.zillow.com/homedetails/24-Arizona-State-Dr-Newark-DE-19713/72900036_zpid/,05/06/2019,https://photos.zillowstatic.com/p_e/ISuom6tmznndlw0000000000.jpg,"$434,500","2,825",24 Arizona State Dr,"Newark, DE 19713",19713,3,4,"2,825",,"5/6/2019Sold$434,500-1%David Muellenberg5/6/2019Listing removed$439,000--3/22/2019Pending sale$439,000--3/22/2019Listed for sale$439,000--Report issue with price history"
"161 Madison Dr, Newark, DE",https://www.zillow.com/homedetails/161-Madison-Dr-Newark-DE-19711/72932431_zpid/,05/06/2019,"https://maps.googleapis.com/maps/api/streetview?location=39.677029,-75.768851&size=600x328&key=AIzaSyBot9JtFX4Hqs-Ri6N3A8K1Rl5XZD3ssyI&signature=KPMJewzV1SBj_3nK6PYwvuuQ83s=","$110,000","1,125",161 Madison Dr,"Newark, DE 19711",19711,2,3,"1,125","1,742","DateEventPrice$/sqftSource5/6/2019Sold$110,000-11.3%$98Public Record5/3/2019Listing removed$124,000--$110BHHS Fox & Roach Newark4/3/2019Pending sale$124,000--$110BHHS Fox & Roach Newark1/25/2019Price change$124,000-3%$110BHHS Fox & Roach Newark12/18/2018Price change$127,900-3.8%$114BHHS Fox & Roach Newark12/4/2018Listed for sale$132,900-5.1%$118BHHS Fox & Roach-Newark8/2/2006Sold$140,000+16.7%$124Public Record8/5/2004Sold$120,000--$107Public RecordReport issue with price history"
"25 Dempsey Dr, Newark, DE",https://www.zillow.com/homedetails/25-Dempsey-Dr-Newark-DE-19713/73036446_zpid/,05/06/2019,https://photos.zillowstatic.com/p_e/ISusdmu4yk3ntp0000000000.jpg,"$116,000","1,800",25 Dempsey Dr,"Newark, DE 19713",19713,1.5,3,"1,800","7,405","5/6/2019Sold$116,000+5.5%Michelle Anderson5/3/2019Listing removed$110,000--3/13/2019Pending sale$110,000--3/13/2019Listed for sale$110,000--Report issue with price history"
"29 Palmer Pl, Newark, DE",https://www.zillow.com/homedetails/29-Palmer-Pl-Newark-DE-19713/73036055_zpid/,05/03/2019,https://photos.zillowstatic.com/p_e/ISu4ntzkx2f4e80000000000.jpg,"$71,000","1,375",29 Palmer Pl,"Newark, DE 19713",19713,1,3,"1,375","4,356","5/3/2019Sold$71,000-1.4%Carol Quattrociocchi4/27/2019Listing removed$72,000--4/1/2019Pending sale$72,000--3/21/2019Price change$72,000-4%1/17/2019Pending sale$75,000--1/10/2019Listed for sale$75,000-40.7%8/25/2016Sold$126,500-2.7%Kathy Blakey8/11/2016Listing removed$129,985--4/5/2016Listed for sale$129,985--2/10/2016Listing removed$129,985--11/11/2015Listed for sale$129,985+190.8%6/11/2010Sold$44,700-59.4%11/25/2009Sold$110,000-35.3%9/28/2006Sold$169,900--Report issue with price history"
"1000 Fountainview Cir # 1114, Newark, DE",https://www.zillow.com/homedetails/1000-Fountainview-Cir-1114-Newark-DE-19713/102676551_zpid/,05/03/2019,"https://maps.googleapis.com/maps/api/staticmap?center=39.674020,-75.735612&zoom=17&size=600x328&maptype=satellite&key=AIzaSyBot9JtFX4Hqs-Ri6N3A8K1Rl5XZD3ssyI&signature=JBfdUY0ZsjphmqoN6QAbhcXwItg=","$140,000","1,025",1000 Fountainview Cir # 1114,"Newark, DE 19713",19713,2,2,"1,025",,"DateEventPrice$/sqftSource5/3/2019Sold$140,000-26.5%$137Public Record11/2/2007Sold$190,481--$186Public RecordReport issue with price history"
"813 Broadfield Dr, Newark, DE",https://www.zillow.com/homedetails/813-Broadfield-Dr-Newark-DE-19713/72898291_zpid/,05/03/2019,"https://maps.googleapis.com/maps/api/streetview?location=39.658221,-75.725620&size=600x328&key=AIzaSyBot9JtFX4Hqs-Ri6N3A8K1Rl5XZD3ssyI&signature=HpgPL_SK62uSDMNzJmLm0ALJSL0=","$170,000","1,600",813 Broadfield Dr,"Newark, DE 19713",19713,1,3,"1,600","7,840","4/26/2019Sold$212,500+1.2%Christen McDade3/28/2019Listing removed$209,900--3/22/2019Listed for sale$209,900--Report issue with price history"
"104 Berry Dr, Wilmington, DE",https://www.zillow.com/homedetails/104-Berry-Dr-Wilmington-DE-19808/73027747_zpid/,05/03/2019,"https://maps.googleapis.com/maps/api/streetview?location=39.713098,-75.693148&size=600x328&key=AIzaSyBot9JtFX4Hqs-Ri6N3A8K1Rl5XZD3ssyI&signature=0pkrvsbMYRzuX0ui8ryFPRv2S4o=","$370,000","2,675",104 Berry Dr,"Wilmington, DE 19808",19808,3,3,"2,675","7,405","4/30/2019Sold$370,000+1.4%Lauren Janes, Debi Thorson4/10/2019Pending sale$364,900--4/10/2019Back on market$364,900--4/8/2019Pending sale$364,900--3/20/2019Price change$364,900-1.4%1/10/2019Price change$369,900-1.6%12/3/2018Price change$375,900-1.1%11/14/2018Price change$379,900-0.8%11/1/2018Listed for sale$382,900+10.3%9/26/2016Sold$347,000-2.2%11/4/2015Listing removed$354,900--7/22/2015Price change$354,900-1.4%5/12/2015Listed for sale$359,900--Report issue with price history"
"71 Leader Dr, Newark, DE",https://www.zillow.com/homedetails/71-Leader-Dr-Newark-DE-19713/73036115_zpid/,05/03/2019,"data:image/gif;base64,R0lGODlhAQABAIAAAAAAAP///yH5BAEAAAAALAAAAAABAAEAAAIBRAA7","$105,000","1,050",71 Leader Dr,"Newark, DE 19713",19713,1,3,"1,050","7,840","DateEventPrice$/sqftSource5/3/2019Sold$105,000--$100Public RecordReport issue with price history"
"129 Felix Dr, Newark, DE",https://www.zillow.com/homedetails/129-Felix-Dr-Newark-DE-19713/245969263_zpid/,05/03/2019,"data:image/gif;base64,R0lGODlhAQABAIAAAAAAAP///yH5BAEAAAAALAAAAAABAAEAAAIBRAA7","$312,990","1,907",129 Felix Dr,"Newark, DE 19713",19713,2.5,3,"1,907","1,742","DateEventPrice$/sqftSource5/3/2019Sold$312,990-2.2%$164Public Record3/20/2019Pending sale$319,990--$168Long & Foster - Hockessin2/9/2019Listed for sale$319,990--$168L&F - HockessinReport issue with price history"
"114 Anglin Dr, Newark, DE",https://www.zillow.com/homedetails/114-Anglin-Dr-Newark-DE-19713/72896953_zpid/,05/03/2019,"data:image/gif;base64,R0lGODlhAQABAIAAAAAAAP///yH5BAEAAAAALAAAAAABAAEAAAIBRAA7","$196,000","2,665",114 Anglin Dr,"Newark, DE 19713",19713,2,3,"2,665","9,583","4/30/2019Sold$245,000--Jason Duncan, Wendy Henderson4/13/2019Price change$245,000+4.3%4/2/2019Pending sale$234,900--3/31/2019Listed for sale$234,900+11.9%9/15/2015Sold$210,000-8.7%Wendy Henderson, Jack Keating8/11/2015Listing removed$229,900--8/3/2015Listed for sale$229,900+248.6%9/5/2001Sold$65,950--Report issue with price history"
"28 Fountainview Dr, Newark, DE",https://www.zillow.com/homedetails/28-Fountainview-Dr-Newark-DE-19713/102676666_zpid/,05/02/2019,"data:image/gif;base64,R0lGODlhAQABAIAAAAAAAP///yH5BAEAAAAALAAAAAABAAEAAAIBRAA7","$310,000","2,450",28 Fountainview Dr,"Newark, DE 19713",19713,2.5,2,"2,450",,"DateEventPrice$/sqftSource5/2/2019Sold$310,000-5.5%$127Public Record5/21/2010Sold$328,051--$134Public RecordReport issue with price history"
"1223 Pinefield Rd, Newark, DE",https://www.zillow.com/homedetails/1223-Pinefield-Rd-Newark-DE-19713/72898663_zpid/,05/02/2019,"data:image/gif;base64,R0lGODlhAQABAIAAAAAAAP///yH5BAEAAAAALAAAAAABAAEAAAIBRAA7","$232,000","1,750",1223 Pinefield Rd,"Newark, DE 19713",19713,2,3,"1,750","8,712","5/2/2019Sold$232,000-1.2%3/27/2019Listing removed$234,900--3/26/2019Price change$234,900+2.2%3/26/2019Listed for sale$229,900+70.3%5/2/2018Sold$135,000--Diane ScuderiReport issue with price history"
"239 E Flagstone Dr, Newark, DE",https://www.zillow.com/homedetails/239-E-Flagstone-Dr-Newark-DE-19702/72879826_zpid/,05/02/2019,"data:image/gif;base64,R0lGODlhAQABAIAAAAAAAP///yH5BAEAAAAALAAAAAABAAEAAAIBRAA7","$324,000","2,024",239 E Flagstone Dr,"Newark, DE 19702",19702,3,4,"2,024","8,712","4/30/2019Sold$324,000-0.3%Andrea Harrington3/17/2019Pending sale$324,900--3/13/2019Listed for sale$324,900+54.7%7/20/2001Sold$210,000--Report issue with price history"
"11 S Fawn Dr, Newark, DE",https://www.zillow.com/homedetails/11-S-Fawn-Dr-Newark-DE-19711/72932317_zpid/,05/01/2019,"data:image/gif;base64,R0lGODlhAQABAIAAAAAAAP///yH5BAEAAAAALAAAAAABAAEAAAIBRAA7","$281,000","2,025",11 S Fawn Dr,"Newark, DE 19711",19711,3,4,"2,025",,"4/30/2019Sold$281,000+0.4%Madeline Dobbs3/19/2019Pending sale$280,000--3/15/2019Listed for sale$280,000+16.7%11/19/2013Sold$240,000-3.2%Patricia Wolf10/2/2013Listing removed$247,900--8/6/2013Listed for sale$247,900+3.3%11/3/2010Sold$240,000+44.6%9/1/2010Sold$166,000--Report issue with price history"
"805 Bradford Ln, Newark, DE",https://www.zillow.com/homedetails/805-Bradford-Ln-Newark-DE-19711/72933416_zpid/,05/01/2019,"data:image/gif;base64,R0lGODlhAQABAIAAAAAAAP///yH5BAEAAAAALAAAAAABAAEAAAIBRAA7","$151,000","1,625",805 Bradford Ln,"Newark, DE 19711",19711,2,3,"1,625","10,018","DateEventPrice$/sqftSource5/1/2019Sold$151,000+7.9%$93Public Record4/10/2019Listing removed$140,000--$86C-21 Gold Key Realty4/8/2019Listed for sale$140,000--$86C-21 Gold Key RealtyReport issue with price history"
"86 Kells Ave, Newark, DE",https://www.zillow.com/homedetails/86-Kells-Ave-Newark-DE-19711/72933842_zpid/,05/01/2019,"data:image/gif;base64,R0lGODlhAQABAIAAAAAAAP///yH5BAEAAAAALAAAAAABAAEAAAIBRAA7","$310,500","1,675",86 Kells Ave,"Newark, DE 19711",19711,2,3,"1,675","7,840","5/1/2019Sold$310,500-2.9%The Mottola Group - Stephen Mottola4/30/2019Listing removed$319,900--4/2/2019Pending sale$319,900--3/26/2019Listed for sale$319,900--Report issue with price history"
"48 Kells Ave, Newark, DE",https://www.zillow.com/homedetails/48-Kells-Ave-Newark-DE-19711/72933984_zpid/,05/01/2019,"data:image/gif;base64,R0lGODlhAQABAIAAAAAAAP///yH5BAEAAAAALAAAAAABAAEAAAIBRAA7","$299,000","2,035",48 Kells Ave,"Newark, DE 19711",19711,3,4,"2,035",,"4/30/2019Sold$299,000-5%Team Freebery4/13/2019Pending sale$314,900--3/28/2019Price change$314,900-1.6%3/15/2019Price change$319,900-1.6%2/22/2019Price change$324,9950%1/28/2019Price change$325,000-1.4%1/10/2019Price change$329,500-1.6%12/29/2018Price change$334,900+0.1%10/7/2018Price change$334,490-1.5%9/14/2018Price change$339,490+0%9/12/2018Listed for sale$339,4000%9/5/2018Price change$339,490-1.5%8/21/2018Price change$344,490-1.4%6/26/2018Price change$349,490-0.1%6/25/2018Listed for sale$349,900--Report issue with price history"
"1131 Old Coochs Bridge Rd, Newark, DE",https://www.zillow.com/homedetails/1131-Old-Coochs-Bridge-Rd-Newark-DE-19713/72935247_zpid/,05/01/2019,"data:image/gif;base64,R0lGODlhAQABAIAAAAAAAP///yH5BAEAAAAALAAAAAABAAEAAAIBRAA7","$290,000","2,125",1131 Old Coochs Bridge Rd,"Newark, DE 19713",19713,2,4,"2,125","10,018","5/1/2019Sold$290,000--Nikolina4/30/2019Listing removed$290,000--4/2/2019Price change$290,000+1.8%4/1/2019Pending sale$284,900--3/5/2019Listed for sale$284,900-3.4%9/10/2018Listing removed$294,900--6/1/2018Price change$294,900-3.3%4/30/2018Price change$304,900-3.2%4/3/2018Listed for sale$314,900+12.5%3/10/2005Sold$280,000--Report issue with price history"
"22 Arizona State Dr, Newark, DE",https://www.zillow.com/homedetails/22-Arizona-State-Dr-Newark-DE-19713/72900038_zpid/,05/01/2019,"data:image/gif;base64,R0lGODlhAQABAIAAAAAAAP///yH5BAEAAAAALAAAAAABAAEAAAIBRAA7","$393,000","2,900",22 Arizona State Dr,"Newark, DE 19713",19713,3,4,"2,900",,"5/1/2019Sold$393,000-1.3%Billie Chubb4/11/2019Pending sale$398,000--2/22/2019Price change$398,000-4.1%1/27/2019Listed for sale$414,900+3.8%10/30/2018Listing removed$399,900--9/21/2018Pending sale$399,900--9/14/2018Price change$399,900-2.4%8/19/2018Listed for sale$409,900+75.2%2/25/2013Sold$234,000-0.4%1/10/2013Listing removed$235,000-14.5%8/9/2012Listing removed$275,000--6/9/2012Listed for sale$275,000-53.7%2/21/2012Sold$593,639+23.7%12/19/2006Sold$480,000--Report issue with price history"
"30 Malvina Ln, Newark, DE",https://www.zillow.com/homedetails/30-Malvina-Ln-Newark-DE-19713/73037127_zpid/,04/30/2019,"data:image/gif;base64,R0lGODlhAQABAIAAAAAAAP///yH5BAEAAAAALAAAAAABAAEAAAIBRAA7","$234,900","1,475",30 Malvina Ln,"Newark, DE 19713",19713,1.5,4,"1,475","8,712","4/30/2019Sold$234,900--Laura Diaz Desi Rivera, Kathy Melcher3/20/2019Listed for sale$234,900+23489900%11/30/2018Sold$1--Kathy MelcherReport issue with price history"
"14 Cornwallis Sq, Newark, DE",https://www.zillow.com/homedetails/14-Cornwallis-Sq-Newark-DE-19713/72934681_zpid/,04/30/2019,"data:image/gif;base64,R0lGODlhAQABAIAAAAAAAP///yH5BAEAAAAALAAAAAABAAEAAAIBRAA7","$105,000","1,500",14 Cornwallis Sq,"Newark, DE 19713",19713,2,2,"1,500",,"4/30/2019Sold$105,000-9.4%Ross Weiner4/11/2019Listing removed$115,900--3/22/2019Listed for sale$115,900--2/6/2019Listing removed$115,900--1/16/2019Listed for sale$115,900+10.4%8/21/2014Sold$105,000-4.5%Ted Fugee, Robin Thomas8/1/2014Listing removed$110,000--7/8/2014Listed for sale$110,000+4.8%4/11/2013Sold$105,000--2/6/2013Listing removed$105,000--1/19/2013Price change$105,000-6.3%11/9/2012Price change$112,000-6.6%10/3/2012Price change$119,900-5.6%6/5/2012Price change$127,000-5.6%2/20/2012Price change$134,500-3.6%5/24/2011Price change$139,500-3.1%3/5/2011Price change$143,900--Report issue with price history"
"135 Dallam Rd, Newark, DE",https://www.zillow.com/homedetails/135-Dallam-Rd-Newark-DE-19711/72931450_zpid/,04/30/2019,"data:image/gif;base64,R0lGODlhAQABAIAAAAAAAP///yH5BAEAAAAALAAAAAABAAEAAAIBRAA7","$326,500","2,200",135 Dallam Rd,"Newark, DE 19711",19711,2,5,"2,200",,"DateEventPrice$/sqftSource4/30/2019Sold$326,500-8%$148Public Record3/1/2019Listing removed$355,000--$161--9/8/2018Listed for sale$355,000+31.5%$161Owner10/5/2004Sold$270,000--$123Public RecordReport issue with price history"
"14 Dunbar Rd, Newark, DE",https://www.zillow.com/homedetails/14-Dunbar-Rd-Newark-DE-19711/73032734_zpid/,04/29/2019,"data:image/gif;base64,R0lGODlhAQABAIAAAAAAAP///yH5BAEAAAAALAAAAAABAAEAAAIBRAA7","$250,000","1,425",14 Dunbar Rd,"Newark, DE 19711",19711,2,3,"1,425","8,712","4/28/2019Sold$250,000-2%Jeffrey Custis4/26/2019Listing removed$255,000--4/12/2019Pending sale$255,000--4/6/2019Price change$255,000-0.8%3/14/2019Price change$256,995-1.2%2/4/2019Listed for sale$259,995+0%11/30/2018Listing removed$259,900--11/26/2018Price change$259,900-1.9%10/30/2018Price change$264,900-1.9%10/17/2018Listed for sale$270,000+81.2%8/21/2018Sold$149,000-14.9%6/11/2018Listing removed$175,000--5/10/2018Price change$175,000-12.1%2/7/2018Listed for sale$199,000+32.7%9/10/2017Listing removed$150,000--7/11/2017Pending sale$150,000--6/26/2017Price change$150,000-10.7%5/30/2017Price change$168,000-9.6%4/14/2017Price change$185,900-6.6%4/5/2017Listed for sale$199,000--Report issue with price history"
"14 Dunbar Rd, Newark, DE",https://www.zillow.com/homedetails/14-Dunbar-Rd-Newark-DE-19711/73032734_zpid/,04/29/2019,"https://maps.googleapis.com/maps/api/streetview?location=39.694036,-75.712567&size=600x328&key=AIzaSyBot9JtFX4Hqs-Ri6N3A8K1Rl5XZD3ssyI&signature=jXDuZx6lmG1yQfyIDQ8skdcAIG8=","$250,000","1,425",14 Dunbar Rd,"Newark, DE 19711",19711,2,3,"1,425","8,712","4/28/2019Sold$250,000-2%Jeffrey Custis4/26/2019Listing removed$255,000--4/12/2019Pending sale$255,000--4/6/2019Price change$255,000-0.8%3/14/2019Price change$256,995-1.2%2/4/2019Listed for sale$259,995+0%11/30/2018Listing removed$259,900--11/26/2018Price change$259,900-1.9%10/30/2018Price change$264,900-1.9%10/17/2018Listed for sale$270,000+81.2%8/21/2018Sold$149,000-14.9%6/11/2018Listing removed$175,000--5/10/2018Price change$175,000-12.1%2/7/2018Listed for sale$199,000+32.7%9/10/2017Listing removed$150,000--7/11/2017Pending sale$150,000--6/26/2017Price change$150,000-10.7%5/30/2017Price change$168,000-9.6%4/14/2017Price change$185,900-6.6%4/5/2017Listed for sale$199,000--Report issue with price history"
"1 Caynor Ct, Newark, DE",https://www.zillow.com/homedetails/1-Caynor-Ct-Newark-DE-19711/73030597_zpid/,04/29/2019,"https://maps.googleapis.com/maps/api/streetview?location=39.701107,-75.736394&size=600x328&key=AIzaSyBot9JtFX4Hqs-Ri6N3A8K1Rl5XZD3ssyI&signature=9IKqsN7lcmyc2Jr10njvlzlhG5Y=","$415,000","2,475",1 Caynor Ct,"Newark, DE 19711",19711,3,4,"2,475",,"DateEventPrice$/sqftSource4/29/2019Sold$415,000--$168Public Record3/11/2019Listing removed$415,000--$168Patterson-Schwartz & Associates2/22/2019Price change$415,000-2.3%$168Patterson-Schwartz Real Estate2/5/2019Listed for sale$424,900--$172Patterson-Schwartz Real EstateReport issue with price history"
